Namespace(batch=1024, data='tran', device='2', device_num=0, epoch=300, hh_size=128, hidden_size=512, lr=0.001, model='ncde', n_layers=3, seed=2022, train_seq=30, type='elec', use_cuda='True', weight_decay=1e-05, y_seq=1)
NeuralCDE(
  (func): CDEFunc(
    (linear_in): Linear(in_features=512, out_features=128, bias=True)
    (linears): ModuleList(
      (0): Linear(in_features=128, out_features=128, bias=True)
      (1): Linear(in_features=128, out_features=128, bias=True)
    )
    (linear_out): Linear(in_features=128, out_features=1024, bias=True)
  )
  (initial): Linear(in_features=2, out_features=512, bias=True)
  (readout): Linear(in_features=512, out_features=1, bias=True)
)
# PARAMS : 232833
Memory_usage:230078464
[Epoch:   1 (MSE)] Train: 518.7717 | Valid : 280.9443 | Test : 497.4086
[Epoch:   1 (MAPE)] Train: 46.8545 | Valid : 36.9436 | Test : 59.6783
- Best loss (MSE) update!! Train: 518.7717 | Valid : 280.9443 | Test : 497.4086 at Epoch   1
- Best loss (MAPE) update!! Train: 46.8545 | Valid : 36.9436 | Test : 59.6783 at Epoch   1
[Epoch:   2 (MSE)] Train: 192.6510 | Valid : 139.5131 | Test : 267.5919
[Epoch:   2 (MAPE)] Train: 25.7611 | Valid : 19.5717 | Test : 33.8645
- Best loss (MSE) update!! Train: 192.6510 | Valid : 139.5131 | Test : 267.5919 at Epoch   2
- Best loss (MAPE) update!! Train: 25.7611 | Valid : 19.5717 | Test : 33.8645 at Epoch   2
[Epoch:   3 (MSE)] Train: 131.5273 | Valid : 161.2307 | Test : 301.2105
[Epoch:   3 (MAPE)] Train: 21.0324 | Valid : 23.1414 | Test : 50.1837
[Epoch:   4 (MSE)] Train: 123.2150 | Valid : 121.2965 | Test : 226.8954
[Epoch:   4 (MAPE)] Train: 19.6381 | Valid : 19.6434 | Test : 29.7101
- Best loss (MSE) update!! Train: 123.2150 | Valid : 121.2965 | Test : 226.8954 at Epoch   4
- Best loss (MAPE) update!! Train: 19.6381 | Valid : 19.6434 | Test : 29.7101 at Epoch   4
[Epoch:   5 (MSE)] Train: 125.6407 | Valid : 128.8595 | Test : 238.8121
[Epoch:   5 (MAPE)] Train: 20.1242 | Valid : 20.0177 | Test : 33.8870
[Epoch:   6 (MSE)] Train: 120.7773 | Valid : 128.0336 | Test : 236.2473
[Epoch:   6 (MAPE)] Train: 18.9169 | Valid : 18.9135 | Test : 30.1303
[Epoch:   7 (MSE)] Train: 131.3842 | Valid : 133.0060 | Test : 253.0084
[Epoch:   7 (MAPE)] Train: 20.2799 | Valid : 19.1244 | Test : 31.2330
[Epoch:   8 (MSE)] Train: 130.8411 | Valid : 200.3937 | Test : 402.7027
[Epoch:   8 (MAPE)] Train: 21.0222 | Valid : 27.0105 | Test : 62.3538
[Epoch:   9 (MSE)] Train: 128.2345 | Valid : 126.5544 | Test : 230.2016
[Epoch:   9 (MAPE)] Train: 20.3297 | Valid : 18.9156 | Test : 32.1479
[Epoch:  10 (MSE)] Train: 119.4842 | Valid : 144.5997 | Test : 273.1607
[Epoch:  10 (MAPE)] Train: 19.5663 | Valid : 21.4720 | Test : 38.4680
[Epoch:  11 (MSE)] Train: 128.2059 | Valid : 162.3011 | Test : 289.9089
[Epoch:  11 (MAPE)] Train: 20.5706 | Valid : 26.5559 | Test : 38.3654
[Epoch:  12 (MSE)] Train: 167.3143 | Valid : 185.2104 | Test : 353.0143
[Epoch:  12 (MAPE)] Train: 23.7841 | Valid : 29.5325 | Test : 65.4006
[Epoch:  13 (MSE)] Train: 226.7886 | Valid : 636.4986 | Test : 1123.6255
[Epoch:  13 (MAPE)] Train: 27.6472 | Valid : 64.6552 | Test : 115.2311
[Epoch:  14 (MSE)] Train: 415.3650 | Valid : 128.7873 | Test : 246.2911
[Epoch:  14 (MAPE)] Train: 39.9455 | Valid : 22.0151 | Test : 33.7381
[Epoch:  15 (MSE)] Train: 129.4378 | Valid : 121.2574 | Test : 236.3670
[Epoch:  15 (MAPE)] Train: 20.0272 | Valid : 18.4149 | Test : 40.7470
- Best loss (MSE) update!! Train: 129.4378 | Valid : 121.2574 | Test : 236.3670 at Epoch  15
- Best loss (MAPE) update!! Train: 20.0272 | Valid : 18.4149 | Test : 40.7470 at Epoch  15
[Epoch:  16 (MSE)] Train: 108.6189 | Valid : 112.3896 | Test : 217.4709
[Epoch:  16 (MAPE)] Train: 18.3102 | Valid : 18.2877 | Test : 37.4720
- Best loss (MSE) update!! Train: 108.6189 | Valid : 112.3896 | Test : 217.4709 at Epoch  16
- Best loss (MAPE) update!! Train: 18.3102 | Valid : 18.2877 | Test : 37.4720 at Epoch  16
[Epoch:  17 (MSE)] Train: 108.7617 | Valid : 112.4815 | Test : 217.7041
[Epoch:  17 (MAPE)] Train: 17.9905 | Valid : 19.3338 | Test : 38.1189
[Epoch:  18 (MSE)] Train: 107.3037 | Valid : 114.4864 | Test : 223.8158
[Epoch:  18 (MAPE)] Train: 18.1786 | Valid : 19.6594 | Test : 34.6462
[Epoch:  19 (MSE)] Train: 105.5746 | Valid : 110.8198 | Test : 212.2652
[Epoch:  19 (MAPE)] Train: 18.1036 | Valid : 17.6353 | Test : 34.4519
- Best loss (MSE) update!! Train: 105.5746 | Valid : 110.8198 | Test : 212.2652 at Epoch  19
- Best loss (MAPE) update!! Train: 18.1036 | Valid : 17.6353 | Test : 34.4519 at Epoch  19
[Epoch:  20 (MSE)] Train: 104.6828 | Valid : 111.8544 | Test : 212.2749
[Epoch:  20 (MAPE)] Train: 18.0199 | Valid : 17.7513 | Test : 34.2444
[Epoch:  21 (MSE)] Train: 105.0874 | Valid : 114.0922 | Test : 214.6887
[Epoch:  21 (MAPE)] Train: 18.0447 | Valid : 17.9692 | Test : 33.4202
[Epoch:  22 (MSE)] Train: 105.3996 | Valid : 112.4214 | Test : 212.0199
[Epoch:  22 (MAPE)] Train: 18.1706 | Valid : 17.6965 | Test : 33.0849
[Epoch:  23 (MSE)] Train: 104.4316 | Valid : 113.2144 | Test : 212.7011
[Epoch:  23 (MAPE)] Train: 18.2498 | Valid : 18.1189 | Test : 33.6809
[Epoch:  24 (MSE)] Train: 104.8487 | Valid : 112.2630 | Test : 211.6166
[Epoch:  24 (MAPE)] Train: 18.4058 | Valid : 18.4313 | Test : 34.9866
[Epoch:  25 (MSE)] Train: 103.9465 | Valid : 112.2680 | Test : 212.0223
[Epoch:  25 (MAPE)] Train: 18.4118 | Valid : 18.1554 | Test : 34.7455
[Epoch:  26 (MSE)] Train: 103.9966 | Valid : 112.0956 | Test : 211.4829
[Epoch:  26 (MAPE)] Train: 18.3804 | Valid : 18.2397 | Test : 34.7574
[Epoch:  27 (MSE)] Train: 103.9810 | Valid : 111.8342 | Test : 211.5824
[Epoch:  27 (MAPE)] Train: 18.4227 | Valid : 18.4639 | Test : 35.4437
[Epoch:  28 (MSE)] Train: 103.7409 | Valid : 111.2434 | Test : 210.8883
[Epoch:  28 (MAPE)] Train: 18.4618 | Valid : 18.6283 | Test : 36.3156
[Epoch:  29 (MSE)] Train: 103.7473 | Valid : 111.6811 | Test : 211.4273
[Epoch:  29 (MAPE)] Train: 18.4558 | Valid : 18.7794 | Test : 37.1321
[Epoch:  30 (MSE)] Train: 103.5310 | Valid : 110.0057 | Test : 209.6822
[Epoch:  30 (MAPE)] Train: 18.5449 | Valid : 18.6293 | Test : 37.1240
- Best loss (MSE) update!! Train: 103.5310 | Valid : 110.0057 | Test : 209.6822 at Epoch  30
- Best loss (MAPE) update!! Train: 18.5449 | Valid : 18.6293 | Test : 37.1240 at Epoch  30
[Epoch:  31 (MSE)] Train: 102.7083 | Valid : 110.2107 | Test : 210.5202
[Epoch:  31 (MAPE)] Train: 18.3217 | Valid : 18.9447 | Test : 38.3732
[Epoch:  32 (MSE)] Train: 103.4953 | Valid : 109.0760 | Test : 210.0596
[Epoch:  32 (MAPE)] Train: 18.4297 | Valid : 19.1675 | Test : 39.0896
- Best loss (MSE) update!! Train: 103.4953 | Valid : 109.0760 | Test : 210.0596 at Epoch  32
- Best loss (MAPE) update!! Train: 18.4297 | Valid : 19.1675 | Test : 39.0896 at Epoch  32
[Epoch:  33 (MSE)] Train: 103.3465 | Valid : 111.4864 | Test : 215.8259
[Epoch:  33 (MAPE)] Train: 18.1266 | Valid : 18.8395 | Test : 34.0394
[Epoch:  34 (MSE)] Train: 105.7247 | Valid : 109.6511 | Test : 212.7660
[Epoch:  34 (MAPE)] Train: 18.5342 | Valid : 18.9695 | Test : 39.3457
[Epoch:  35 (MSE)] Train: 104.1639 | Valid : 110.0278 | Test : 211.6796
[Epoch:  35 (MAPE)] Train: 18.3700 | Valid : 17.4241 | Test : 33.8734
[Epoch:  36 (MSE)] Train: 105.8087 | Valid : 112.8134 | Test : 219.8916
[Epoch:  36 (MAPE)] Train: 18.4482 | Valid : 20.9237 | Test : 44.4008
[Epoch:  37 (MSE)] Train: 105.8893 | Valid : 111.1829 | Test : 215.4338
[Epoch:  37 (MAPE)] Train: 18.3390 | Valid : 18.3251 | Test : 36.1002
[Epoch:  38 (MSE)] Train: 106.6277 | Valid : 113.6767 | Test : 223.2442
[Epoch:  38 (MAPE)] Train: 18.6630 | Valid : 18.2669 | Test : 38.1353
[Epoch:  39 (MSE)] Train: 109.0742 | Valid : 127.4677 | Test : 237.7027
[Epoch:  39 (MAPE)] Train: 18.7613 | Valid : 23.2103 | Test : 41.9403
[Epoch:  40 (MSE)] Train: 116.4616 | Valid : 125.6861 | Test : 244.1525
[Epoch:  40 (MAPE)] Train: 19.4889 | Valid : 19.4159 | Test : 42.0711
[Epoch:  41 (MSE)] Train: 115.7620 | Valid : 121.8953 | Test : 245.2764
[Epoch:  41 (MAPE)] Train: 19.3018 | Valid : 20.7103 | Test : 48.2959
[Epoch:  42 (MSE)] Train: 114.8302 | Valid : 120.9512 | Test : 226.6038
[Epoch:  42 (MAPE)] Train: 18.5608 | Valid : 21.2672 | Test : 38.3982
[Epoch:  43 (MSE)] Train: 107.6067 | Valid : 120.0237 | Test : 230.6212
[Epoch:  43 (MAPE)] Train: 18.4745 | Valid : 19.5744 | Test : 37.5188
[Epoch:  44 (MSE)] Train: 109.2982 | Valid : 116.1545 | Test : 225.8701
[Epoch:  44 (MAPE)] Train: 18.9508 | Valid : 20.9451 | Test : 46.3103
[Epoch:  45 (MSE)] Train: 113.7560 | Valid : 128.5089 | Test : 244.5434
[Epoch:  45 (MAPE)] Train: 19.2899 | Valid : 22.0673 | Test : 49.5910
[Epoch:  46 (MSE)] Train: 120.0006 | Valid : 122.1062 | Test : 230.6460
[Epoch:  46 (MAPE)] Train: 19.0468 | Valid : 19.0529 | Test : 36.1694
[Epoch:  47 (MSE)] Train: 115.7405 | Valid : 121.3832 | Test : 228.5726
[Epoch:  47 (MAPE)] Train: 19.6714 | Valid : 19.8318 | Test : 39.7818
[Epoch:  48 (MSE)] Train: 111.7435 | Valid : 127.9623 | Test : 245.5170
[Epoch:  48 (MAPE)] Train: 19.0181 | Valid : 19.9727 | Test : 40.8350
[Epoch:  49 (MSE)] Train: 136.2925 | Valid : 113.9830 | Test : 211.8729
[Epoch:  49 (MAPE)] Train: 22.4512 | Valid : 20.2637 | Test : 38.5237
[Epoch:  50 (MSE)] Train: 109.2669 | Valid : 114.9966 | Test : 215.8309
[Epoch:  50 (MAPE)] Train: 18.5890 | Valid : 21.5892 | Test : 44.0904
[Epoch:  51 (MSE)] Train: 105.1863 | Valid : 110.3303 | Test : 216.4023
[Epoch:  51 (MAPE)] Train: 18.6526 | Valid : 18.2650 | Test : 37.9138
[Epoch:  52 (MSE)] Train: 104.7562 | Valid : 111.1474 | Test : 216.6897
[Epoch:  52 (MAPE)] Train: 18.5049 | Valid : 18.2984 | Test : 38.0679
[Epoch:  53 (MSE)] Train: 104.7221 | Valid : 111.3847 | Test : 215.6841
[Epoch:  53 (MAPE)] Train: 18.1775 | Valid : 20.2059 | Test : 41.7069
[Epoch:  54 (MSE)] Train: 104.5018 | Valid : 112.0734 | Test : 218.1113
[Epoch:  54 (MAPE)] Train: 18.6849 | Valid : 20.1769 | Test : 42.9552
[Epoch:  55 (MSE)] Train: 106.5445 | Valid : 110.9026 | Test : 217.3657
[Epoch:  55 (MAPE)] Train: 18.7909 | Valid : 18.7081 | Test : 39.7642
[Epoch:  56 (MSE)] Train: 105.7520 | Valid : 114.9635 | Test : 225.8880
[Epoch:  56 (MAPE)] Train: 18.6063 | Valid : 18.5730 | Test : 38.6892
[Epoch:  57 (MSE)] Train: 111.0452 | Valid : 128.9230 | Test : 237.9278
[Epoch:  57 (MAPE)] Train: 18.8701 | Valid : 21.4079 | Test : 33.1501
[Epoch:  58 (MSE)] Train: 108.9083 | Valid : 110.6782 | Test : 216.1642
[Epoch:  58 (MAPE)] Train: 18.5138 | Valid : 19.0708 | Test : 40.3689
[Epoch:  59 (MSE)] Train: 105.7271 | Valid : 111.7630 | Test : 219.5188
[Epoch:  59 (MAPE)] Train: 18.5812 | Valid : 19.8609 | Test : 43.4317
[Epoch:  60 (MSE)] Train: 106.2743 | Valid : 112.6731 | Test : 222.0192
[Epoch:  60 (MAPE)] Train: 18.6289 | Valid : 19.1666 | Test : 41.8714
[Epoch:  61 (MSE)] Train: 109.3345 | Valid : 117.3383 | Test : 234.3835
[Epoch:  61 (MAPE)] Train: 19.0823 | Valid : 21.1499 | Test : 44.5306
[Epoch:  62 (MSE)] Train: 110.2115 | Valid : 114.2697 | Test : 218.6940
[Epoch:  62 (MAPE)] Train: 18.8922 | Valid : 19.1096 | Test : 39.6307
[Epoch:  63 (MSE)] Train: 111.1212 | Valid : 113.7263 | Test : 224.4444
[Epoch:  63 (MAPE)] Train: 19.2655 | Valid : 21.1615 | Test : 48.5090
[Epoch:  64 (MSE)] Train: 108.0732 | Valid : 115.6586 | Test : 224.4315
[Epoch:  64 (MAPE)] Train: 18.6181 | Valid : 21.9758 | Test : 39.9597
[Epoch:  65 (MSE)] Train: 111.2649 | Valid : 131.7789 | Test : 242.6547
[Epoch:  65 (MAPE)] Train: 19.1148 | Valid : 21.1545 | Test : 35.9982
[Epoch:  66 (MSE)] Train: 113.5183 | Valid : 116.1144 | Test : 224.6246
[Epoch:  66 (MAPE)] Train: 19.4644 | Valid : 17.8842 | Test : 36.6955
[Epoch:  67 (MSE)] Train: 108.2163 | Valid : 123.2625 | Test : 231.2940
[Epoch:  67 (MAPE)] Train: 19.0079 | Valid : 20.2686 | Test : 40.8997
[Epoch:  68 (MSE)] Train: 109.4994 | Valid : 117.1163 | Test : 222.1455
[Epoch:  68 (MAPE)] Train: 18.3881 | Valid : 19.7834 | Test : 42.5832
[Epoch:  69 (MSE)] Train: 113.2041 | Valid : 123.3869 | Test : 239.6484
[Epoch:  69 (MAPE)] Train: 18.7186 | Valid : 20.6996 | Test : 45.5009
[Epoch:  70 (MSE)] Train: 107.1435 | Valid : 114.6118 | Test : 223.6227
[Epoch:  70 (MAPE)] Train: 18.7110 | Valid : 19.1998 | Test : 40.9964
[Epoch:  71 (MSE)] Train: 105.5086 | Valid : 113.4859 | Test : 221.6066
[Epoch:  71 (MAPE)] Train: 18.2871 | Valid : 18.8149 | Test : 39.8794
[Epoch:  72 (MSE)] Train: 106.8923 | Valid : 116.1624 | Test : 225.5442
[Epoch:  72 (MAPE)] Train: 18.5201 | Valid : 21.3405 | Test : 47.4861
[Epoch:  73 (MSE)] Train: 105.7386 | Valid : 112.4512 | Test : 221.3102
[Epoch:  73 (MAPE)] Train: 19.0018 | Valid : 19.8777 | Test : 44.3678
[Epoch:  74 (MSE)] Train: 105.5142 | Valid : 114.6669 | Test : 219.6351
[Epoch:  74 (MAPE)] Train: 18.2058 | Valid : 18.9406 | Test : 38.6642
[Epoch:  75 (MSE)] Train: 105.4237 | Valid : 112.4003 | Test : 219.5963
[Epoch:  75 (MAPE)] Train: 18.3684 | Valid : 19.5896 | Test : 43.5759
[Epoch:  76 (MSE)] Train: 106.6992 | Valid : 113.1895 | Test : 221.1051
[Epoch:  76 (MAPE)] Train: 18.3670 | Valid : 18.8785 | Test : 41.2941
[Epoch:  77 (MSE)] Train: 105.9647 | Valid : 117.0823 | Test : 227.5552
[Epoch:  77 (MAPE)] Train: 18.4160 | Valid : 18.9863 | Test : 39.8429
[Epoch:  78 (MSE)] Train: 106.7342 | Valid : 115.8907 | Test : 224.8070
[Epoch:  78 (MAPE)] Train: 18.4489 | Valid : 18.7256 | Test : 41.0328
[Epoch:  79 (MSE)] Train: 109.2661 | Valid : 113.8853 | Test : 224.6210
[Epoch:  79 (MAPE)] Train: 18.9429 | Valid : 18.9650 | Test : 43.2141
[Epoch:  80 (MSE)] Train: 108.3989 | Valid : 118.8103 | Test : 235.7026
[Epoch:  80 (MAPE)] Train: 18.7592 | Valid : 19.7993 | Test : 44.2949
[Epoch:  81 (MSE)] Train: 112.2937 | Valid : 125.5670 | Test : 248.1871
[Epoch:  81 (MAPE)] Train: 18.6436 | Valid : 21.9171 | Test : 42.7411
[Epoch:  82 (MSE)] Train: 110.3949 | Valid : 111.3876 | Test : 213.7806
[Epoch:  82 (MAPE)] Train: 18.6232 | Valid : 17.9805 | Test : 36.6342
[Epoch:  83 (MSE)] Train: 110.1046 | Valid : 125.8285 | Test : 242.9687
[Epoch:  83 (MAPE)] Train: 18.5966 | Valid : 17.8352 | Test : 31.6623
[Epoch:  84 (MSE)] Train: 118.0688 | Valid : 126.6344 | Test : 237.4180
[Epoch:  84 (MAPE)] Train: 19.2668 | Valid : 18.7344 | Test : 30.7119
[Epoch:  85 (MSE)] Train: 112.9856 | Valid : 117.9844 | Test : 224.0882
[Epoch:  85 (MAPE)] Train: 19.0838 | Valid : 17.6087 | Test : 33.1489
[Epoch:  86 (MSE)] Train: 111.0438 | Valid : 112.1548 | Test : 211.0239
[Epoch:  86 (MAPE)] Train: 18.6730 | Valid : 17.5217 | Test : 34.3044
[Epoch:  87 (MSE)] Train: 105.5747 | Valid : 117.8182 | Test : 219.5093
[Epoch:  87 (MAPE)] Train: 18.4647 | Valid : 17.7462 | Test : 32.0310
[Epoch:  88 (MSE)] Train: 106.6131 | Valid : 117.8204 | Test : 219.8396
[Epoch:  88 (MAPE)] Train: 18.8243 | Valid : 16.8695 | Test : 31.9901
[Epoch:  89 (MSE)] Train: 108.2833 | Valid : 114.8655 | Test : 214.3065
[Epoch:  89 (MAPE)] Train: 18.8290 | Valid : 17.3703 | Test : 33.3147
[Epoch:  90 (MSE)] Train: 105.4771 | Valid : 113.3851 | Test : 214.2382
[Epoch:  90 (MAPE)] Train: 18.4983 | Valid : 19.1608 | Test : 39.7223
[Epoch:  91 (MSE)] Train: 105.9557 | Valid : 112.9468 | Test : 213.7778
[Epoch:  91 (MAPE)] Train: 18.6694 | Valid : 18.6550 | Test : 38.2764
[Epoch:  92 (MSE)] Train: 106.6647 | Valid : 118.5862 | Test : 220.8655
[Epoch:  92 (MAPE)] Train: 18.4405 | Valid : 18.7871 | Test : 33.4861
[Epoch:  93 (MSE)] Train: 106.8962 | Valid : 115.1000 | Test : 214.2449
[Epoch:  93 (MAPE)] Train: 18.5008 | Valid : 18.2722 | Test : 34.6436
[Epoch:  94 (MSE)] Train: 107.7545 | Valid : 111.3959 | Test : 212.3353
[Epoch:  94 (MAPE)] Train: 18.6667 | Valid : 17.8010 | Test : 35.0258
[Epoch:  95 (MSE)] Train: 107.5823 | Valid : 110.3034 | Test : 214.6614
[Epoch:  95 (MAPE)] Train: 18.6579 | Valid : 17.2822 | Test : 36.2865
[Epoch:  96 (MSE)] Train: 105.7723 | Valid : 109.6008 | Test : 212.4688
[Epoch:  96 (MAPE)] Train: 18.4210 | Valid : 17.4955 | Test : 36.4635
[Epoch:  97 (MSE)] Train: 104.6940 | Valid : 112.3706 | Test : 215.8604
[Epoch:  97 (MAPE)] Train: 18.3172 | Valid : 17.8567 | Test : 32.2804
[Epoch:  98 (MSE)] Train: 106.4428 | Valid : 116.5514 | Test : 224.4391
[Epoch:  98 (MAPE)] Train: 18.5093 | Valid : 18.0102 | Test : 33.4973
[Epoch:  99 (MSE)] Train: 109.7413 | Valid : 110.2593 | Test : 214.3221
[Epoch:  99 (MAPE)] Train: 18.7917 | Valid : 18.1898 | Test : 36.4753
[Epoch: 100 (MSE)] Train: 107.2686 | Valid : 109.9630 | Test : 212.2435
[Epoch: 100 (MAPE)] Train: 18.3929 | Valid : 17.3808 | Test : 35.3690
[Epoch: 101 (MSE)] Train: 105.0645 | Valid : 111.2473 | Test : 216.9351
[Epoch: 101 (MAPE)] Train: 17.9953 | Valid : 19.6016 | Test : 39.3545
[Epoch: 102 (MSE)] Train: 105.7397 | Valid : 114.3835 | Test : 222.2282
[Epoch: 102 (MAPE)] Train: 18.4829 | Valid : 19.1856 | Test : 39.4616
[Epoch: 103 (MSE)] Train: 105.7244 | Valid : 111.6480 | Test : 215.7721
[Epoch: 103 (MAPE)] Train: 18.4412 | Valid : 19.2922 | Test : 40.8410
[Epoch: 104 (MSE)] Train: 104.3327 | Valid : 115.1633 | Test : 217.4025
[Epoch: 104 (MAPE)] Train: 18.7027 | Valid : 18.9178 | Test : 36.4328
[Epoch: 105 (MSE)] Train: 107.1741 | Valid : 110.4281 | Test : 211.0274
[Epoch: 105 (MAPE)] Train: 18.5243 | Valid : 19.8373 | Test : 39.7813
[Epoch: 106 (MSE)] Train: 105.1970 | Valid : 113.4245 | Test : 218.2284
[Epoch: 106 (MAPE)] Train: 18.6494 | Valid : 20.0166 | Test : 42.7134
[Epoch: 107 (MSE)] Train: 104.9030 | Valid : 115.6322 | Test : 224.8549
[Epoch: 107 (MAPE)] Train: 18.6094 | Valid : 18.3089 | Test : 38.3965
[Epoch: 108 (MSE)] Train: 106.1993 | Valid : 114.8784 | Test : 214.8878
[Epoch: 108 (MAPE)] Train: 18.7369 | Valid : 18.9518 | Test : 40.4188
[Epoch: 109 (MSE)] Train: 105.2199 | Valid : 113.0286 | Test : 212.9112
[Epoch: 109 (MAPE)] Train: 19.1985 | Valid : 20.2560 | Test : 42.3171
[Epoch: 110 (MSE)] Train: 104.7731 | Valid : 112.1785 | Test : 213.5952
[Epoch: 110 (MAPE)] Train: 19.4075 | Valid : 19.6799 | Test : 40.2870
[Epoch: 111 (MSE)] Train: 104.9431 | Valid : 113.4815 | Test : 221.7196
[Epoch: 111 (MAPE)] Train: 18.7007 | Valid : 19.9654 | Test : 42.6384
[Epoch: 112 (MSE)] Train: 105.0643 | Valid : 114.5950 | Test : 216.6242
[Epoch: 112 (MAPE)] Train: 19.0525 | Valid : 19.4545 | Test : 39.0421
[Epoch: 113 (MSE)] Train: 109.4938 | Valid : 118.5214 | Test : 230.3717
[Epoch: 113 (MAPE)] Train: 18.6087 | Valid : 19.4020 | Test : 42.5428
[Epoch: 114 (MSE)] Train: 104.9500 | Valid : 113.0926 | Test : 218.2372
[Epoch: 114 (MAPE)] Train: 18.3376 | Valid : 18.8790 | Test : 39.7986
[Epoch: 115 (MSE)] Train: 107.2011 | Valid : 112.0291 | Test : 216.5125
[Epoch: 115 (MAPE)] Train: 18.2312 | Valid : 18.2769 | Test : 39.2232
[Epoch: 116 (MSE)] Train: 105.9057 | Valid : 112.4899 | Test : 214.1974
[Epoch: 116 (MAPE)] Train: 19.0492 | Valid : 19.1169 | Test : 41.9099
[Epoch: 117 (MSE)] Train: 105.4697 | Valid : 114.4986 | Test : 221.9928
[Epoch: 117 (MAPE)] Train: 18.9802 | Valid : 20.3666 | Test : 43.0794
[Epoch: 118 (MSE)] Train: 105.2832 | Valid : 116.9920 | Test : 224.3421
[Epoch: 118 (MAPE)] Train: 18.3699 | Valid : 19.2780 | Test : 38.7556
[Epoch: 119 (MSE)] Train: 105.9155 | Valid : 115.9909 | Test : 220.9274
[Epoch: 119 (MAPE)] Train: 18.4765 | Valid : 19.0683 | Test : 40.0876
[Epoch: 120 (MSE)] Train: 108.4170 | Valid : 111.3221 | Test : 217.7735
[Epoch: 120 (MAPE)] Train: 18.6285 | Valid : 18.9596 | Test : 41.9231
[Epoch: 121 (MSE)] Train: 104.3648 | Valid : 112.4107 | Test : 216.7110
[Epoch: 121 (MAPE)] Train: 18.2813 | Valid : 18.5912 | Test : 38.9497
[Epoch: 122 (MSE)] Train: 104.9182 | Valid : 113.1025 | Test : 214.9016
[Epoch: 122 (MAPE)] Train: 18.1730 | Valid : 18.3347 | Test : 35.9605
[Epoch: 123 (MSE)] Train: 106.3666 | Valid : 114.1169 | Test : 226.6197
[Epoch: 123 (MAPE)] Train: 18.8378 | Valid : 19.6665 | Test : 44.0908
[Epoch: 124 (MSE)] Train: 105.5776 | Valid : 111.0826 | Test : 215.7262
[Epoch: 124 (MAPE)] Train: 18.6067 | Valid : 18.6902 | Test : 39.6341
[Epoch: 125 (MSE)] Train: 104.9223 | Valid : 113.5583 | Test : 217.6939
[Epoch: 125 (MAPE)] Train: 18.6714 | Valid : 19.4986 | Test : 41.9738
[Epoch: 126 (MSE)] Train: 108.3271 | Valid : 112.3220 | Test : 213.9778
[Epoch: 126 (MAPE)] Train: 19.0401 | Valid : 19.8152 | Test : 43.2139
[Epoch: 127 (MSE)] Train: 107.2240 | Valid : 110.3627 | Test : 210.3513
[Epoch: 127 (MAPE)] Train: 19.2712 | Valid : 19.0474 | Test : 41.4600
[Epoch: 128 (MSE)] Train: 109.6748 | Valid : 114.2528 | Test : 222.6866
[Epoch: 128 (MAPE)] Train: 19.4918 | Valid : 21.4124 | Test : 48.7185
[Epoch: 129 (MSE)] Train: 109.7309 | Valid : 116.9958 | Test : 224.1354
[Epoch: 129 (MAPE)] Train: 19.0256 | Valid : 23.7366 | Test : 52.4584
[Epoch: 130 (MSE)] Train: 108.3915 | Valid : 111.9438 | Test : 216.9013
[Epoch: 130 (MAPE)] Train: 19.7232 | Valid : 23.5761 | Test : 53.3061
[Epoch: 131 (MSE)] Train: 107.7269 | Valid : 114.8956 | Test : 218.8802
[Epoch: 131 (MAPE)] Train: 19.0309 | Valid : 21.7875 | Test : 48.5735
[Epoch: 132 (MSE)] Train: 106.6869 | Valid : 113.0394 | Test : 213.7727
[Epoch: 132 (MAPE)] Train: 19.2528 | Valid : 21.0885 | Test : 43.9363
[Epoch: 133 (MSE)] Train: 105.2493 | Valid : 110.2602 | Test : 213.3865
[Epoch: 133 (MAPE)] Train: 19.0572 | Valid : 22.0230 | Test : 48.9875
[Epoch: 134 (MSE)] Train: 104.2234 | Valid : 110.4783 | Test : 210.4899
[Epoch: 134 (MAPE)] Train: 18.6233 | Valid : 21.6025 | Test : 45.7545
[Epoch: 135 (MSE)] Train: 102.5509 | Valid : 109.3579 | Test : 210.4529
[Epoch: 135 (MAPE)] Train: 19.9438 | Valid : 22.2815 | Test : 50.8010
[Epoch: 136 (MSE)] Train: 104.5509 | Valid : 111.3851 | Test : 210.2762
[Epoch: 136 (MAPE)] Train: 19.0567 | Valid : 21.6046 | Test : 47.4282
[Epoch: 137 (MSE)] Train: 105.0221 | Valid : 111.8642 | Test : 210.9752
[Epoch: 137 (MAPE)] Train: 19.3318 | Valid : 21.2745 | Test : 43.9479
[Epoch: 138 (MSE)] Train: 107.3688 | Valid : 113.1325 | Test : 216.0100
[Epoch: 138 (MAPE)] Train: 19.1275 | Valid : 22.5581 | Test : 48.9764
[Epoch: 139 (MSE)] Train: 107.2558 | Valid : 116.7375 | Test : 214.1495
[Epoch: 139 (MAPE)] Train: 19.7380 | Valid : 22.8136 | Test : 46.5062
[Epoch: 140 (MSE)] Train: 107.9471 | Valid : 113.8211 | Test : 214.3288
[Epoch: 140 (MAPE)] Train: 19.5433 | Valid : 18.6844 | Test : 34.4104
[Epoch: 141 (MSE)] Train: 108.8233 | Valid : 117.0023 | Test : 218.1672
[Epoch: 141 (MAPE)] Train: 18.7920 | Valid : 20.5873 | Test : 38.9329
[Epoch: 142 (MSE)] Train: 111.9333 | Valid : 114.3001 | Test : 210.8820
[Epoch: 142 (MAPE)] Train: 18.9905 | Valid : 18.6005 | Test : 36.3337
[Epoch: 143 (MSE)] Train: 105.3564 | Valid : 111.2769 | Test : 208.1353
[Epoch: 143 (MAPE)] Train: 18.1980 | Valid : 18.6277 | Test : 39.3480
[Epoch: 144 (MSE)] Train: 104.1730 | Valid : 113.4696 | Test : 209.3188
[Epoch: 144 (MAPE)] Train: 18.1232 | Valid : 19.1973 | Test : 39.6445
[Epoch: 145 (MSE)] Train: 104.3174 | Valid : 112.5167 | Test : 213.7577
[Epoch: 145 (MAPE)] Train: 18.4684 | Valid : 18.2504 | Test : 37.1576
[Epoch: 146 (MSE)] Train: 103.7550 | Valid : 113.3382 | Test : 216.1190
[Epoch: 146 (MAPE)] Train: 18.8663 | Valid : 19.3065 | Test : 39.7285
[Epoch: 147 (MSE)] Train: 104.9398 | Valid : 113.2765 | Test : 213.4041
[Epoch: 147 (MAPE)] Train: 18.6177 | Valid : 18.9878 | Test : 37.5192
[Epoch: 148 (MSE)] Train: 105.4824 | Valid : 110.1295 | Test : 208.7457
[Epoch: 148 (MAPE)] Train: 18.8181 | Valid : 19.2224 | Test : 39.0756
[Epoch: 149 (MSE)] Train: 106.6419 | Valid : 109.6300 | Test : 209.7383
[Epoch: 149 (MAPE)] Train: 19.4392 | Valid : 19.1750 | Test : 41.0205
[Epoch: 150 (MSE)] Train: 104.2840 | Valid : 109.3351 | Test : 209.2765
[Epoch: 150 (MAPE)] Train: 19.3283 | Valid : 20.3127 | Test : 41.0771
[Epoch: 151 (MSE)] Train: 104.2479 | Valid : 109.4080 | Test : 208.7473
[Epoch: 151 (MAPE)] Train: 19.5726 | Valid : 19.7934 | Test : 41.5386
[Epoch: 152 (MSE)] Train: 104.9634 | Valid : 109.6922 | Test : 211.0539
[Epoch: 152 (MAPE)] Train: 19.5237 | Valid : 19.8413 | Test : 41.7566
[Epoch: 153 (MSE)] Train: 105.0035 | Valid : 111.2342 | Test : 208.2187
[Epoch: 153 (MAPE)] Train: 19.2847 | Valid : 18.6963 | Test : 35.4789
[Epoch: 154 (MSE)] Train: 105.6419 | Valid : 111.8032 | Test : 209.2297
[Epoch: 154 (MAPE)] Train: 19.1299 | Valid : 18.9389 | Test : 35.2545
[Epoch: 155 (MSE)] Train: 106.8867 | Valid : 109.1904 | Test : 209.1429
[Epoch: 155 (MAPE)] Train: 19.3705 | Valid : 18.3175 | Test : 36.9884
[Epoch: 156 (MSE)] Train: 105.9636 | Valid : 109.8954 | Test : 210.1959
[Epoch: 156 (MAPE)] Train: 19.4041 | Valid : 18.6025 | Test : 37.7867
[Epoch: 157 (MSE)] Train: 106.5345 | Valid : 111.1586 | Test : 214.1744
[Epoch: 157 (MAPE)] Train: 19.0036 | Valid : 19.3987 | Test : 43.7040
[Epoch: 158 (MSE)] Train: 102.7454 | Valid : 112.0510 | Test : 213.5386
[Epoch: 158 (MAPE)] Train: 18.7705 | Valid : 20.0536 | Test : 40.8167
[Epoch: 159 (MSE)] Train: 104.8247 | Valid : 113.9262 | Test : 218.6281
[Epoch: 159 (MAPE)] Train: 19.1209 | Valid : 19.6795 | Test : 41.6199
[Epoch: 160 (MSE)] Train: 105.9617 | Valid : 112.3651 | Test : 218.1476
[Epoch: 160 (MAPE)] Train: 19.1217 | Valid : 19.2823 | Test : 42.7122
[Epoch: 161 (MSE)] Train: 105.6875 | Valid : 115.3781 | Test : 221.3746
[Epoch: 161 (MAPE)] Train: 19.0761 | Valid : 19.7370 | Test : 41.1394
[Epoch: 162 (MSE)] Train: 105.8240 | Valid : 112.5620 | Test : 211.3699
[Epoch: 162 (MAPE)] Train: 18.7544 | Valid : 18.7009 | Test : 36.9092
[Epoch: 163 (MSE)] Train: 104.4509 | Valid : 112.3099 | Test : 210.2570
[Epoch: 163 (MAPE)] Train: 18.5722 | Valid : 17.8516 | Test : 34.0422
[Epoch: 164 (MSE)] Train: 103.9029 | Valid : 113.8776 | Test : 214.0105
[Epoch: 164 (MAPE)] Train: 18.8189 | Valid : 17.6694 | Test : 32.1229
[Epoch: 165 (MSE)] Train: 104.9067 | Valid : 117.3849 | Test : 217.3696
[Epoch: 165 (MAPE)] Train: 19.0280 | Valid : 20.1158 | Test : 38.4220
[Epoch: 166 (MSE)] Train: 105.8415 | Valid : 115.7676 | Test : 215.2818
[Epoch: 166 (MAPE)] Train: 19.3678 | Valid : 18.4014 | Test : 34.0894
[Epoch: 167 (MSE)] Train: 106.0187 | Valid : 114.1532 | Test : 212.5692
[Epoch: 167 (MAPE)] Train: 19.3432 | Valid : 18.3952 | Test : 33.9360
[Epoch: 168 (MSE)] Train: 106.1686 | Valid : 113.2018 | Test : 213.7436
[Epoch: 168 (MAPE)] Train: 19.4043 | Valid : 17.9463 | Test : 34.3754
[Epoch: 169 (MSE)] Train: 106.4706 | Valid : 112.8680 | Test : 213.8362
[Epoch: 169 (MAPE)] Train: 19.1733 | Valid : 19.2581 | Test : 34.3381
[Epoch: 170 (MSE)] Train: 106.5603 | Valid : 111.7682 | Test : 212.2536
[Epoch: 170 (MAPE)] Train: 19.0942 | Valid : 18.1345 | Test : 34.7481
[Epoch: 171 (MSE)] Train: 106.0462 | Valid : 111.0537 | Test : 209.7891
[Epoch: 171 (MAPE)] Train: 19.1590 | Valid : 18.2054 | Test : 35.8209
[Epoch: 172 (MSE)] Train: 105.5316 | Valid : 111.3619 | Test : 211.2003
[Epoch: 172 (MAPE)] Train: 19.6127 | Valid : 17.9893 | Test : 34.5058
[Epoch: 173 (MSE)] Train: 105.2232 | Valid : 110.9607 | Test : 212.4382
[Epoch: 173 (MAPE)] Train: 19.3807 | Valid : 17.9946 | Test : 34.7684
[Epoch: 174 (MSE)] Train: 105.9849 | Valid : 111.1834 | Test : 212.4252
[Epoch: 174 (MAPE)] Train: 19.6968 | Valid : 17.6368 | Test : 35.3489
[Epoch: 175 (MSE)] Train: 105.5514 | Valid : 109.5450 | Test : 210.3837
[Epoch: 175 (MAPE)] Train: 19.7337 | Valid : 18.2902 | Test : 37.8054
[Epoch: 176 (MSE)] Train: 105.1498 | Valid : 115.8555 | Test : 226.9354
[Epoch: 176 (MAPE)] Train: 19.4306 | Valid : 19.9150 | Test : 40.6454
[Epoch: 177 (MSE)] Train: 105.5065 | Valid : 113.8593 | Test : 216.0135
[Epoch: 177 (MAPE)] Train: 20.0343 | Valid : 18.7510 | Test : 37.4208
[Epoch: 178 (MSE)] Train: 105.0161 | Valid : 111.8066 | Test : 211.2062
[Epoch: 178 (MAPE)] Train: 19.7719 | Valid : 19.0815 | Test : 37.7904
[Epoch: 179 (MSE)] Train: 107.1284 | Valid : 117.0053 | Test : 217.5396
[Epoch: 179 (MAPE)] Train: 19.3408 | Valid : 19.1866 | Test : 37.4131
[Epoch: 180 (MSE)] Train: 110.7950 | Valid : 112.0209 | Test : 213.0605
[Epoch: 180 (MAPE)] Train: 19.5500 | Valid : 22.0882 | Test : 46.8264
[Epoch: 181 (MSE)] Train: 105.4962 | Valid : 112.1476 | Test : 207.5796
[Epoch: 181 (MAPE)] Train: 19.2062 | Valid : 20.8077 | Test : 44.7595
[Epoch: 182 (MSE)] Train: 107.7235 | Valid : 111.4084 | Test : 209.6721
[Epoch: 182 (MAPE)] Train: 19.2857 | Valid : 21.4392 | Test : 46.7540
[Epoch: 183 (MSE)] Train: 107.4167 | Valid : 114.5824 | Test : 213.8123
[Epoch: 183 (MAPE)] Train: 19.5217 | Valid : 23.3127 | Test : 50.0212
[Epoch: 184 (MSE)] Train: 105.7138 | Valid : 112.3313 | Test : 209.3054
[Epoch: 184 (MAPE)] Train: 19.1507 | Valid : 21.2617 | Test : 44.1142
[Epoch: 185 (MSE)] Train: 105.0560 | Valid : 110.6983 | Test : 208.2102
[Epoch: 185 (MAPE)] Train: 19.1852 | Valid : 20.5878 | Test : 43.7306
[Epoch: 186 (MSE)] Train: 103.8393 | Valid : 110.3806 | Test : 205.7840
[Epoch: 186 (MAPE)] Train: 18.7189 | Valid : 20.3684 | Test : 43.4181
[Epoch: 187 (MSE)] Train: 103.8232 | Valid : 109.2959 | Test : 206.8106
[Epoch: 187 (MAPE)] Train: 18.8638 | Valid : 19.4182 | Test : 43.1831
[Epoch: 188 (MSE)] Train: 102.8567 | Valid : 109.0438 | Test : 205.2372
[Epoch: 188 (MAPE)] Train: 19.2465 | Valid : 20.1431 | Test : 44.3443
- Best loss (MSE) update!! Train: 102.8567 | Valid : 109.0438 | Test : 205.2372 at Epoch 188
- Best loss (MAPE) update!! Train: 19.2465 | Valid : 20.1431 | Test : 44.3443 at Epoch 188
[Epoch: 189 (MSE)] Train: 103.7960 | Valid : 110.1878 | Test : 208.9938
[Epoch: 189 (MAPE)] Train: 19.5676 | Valid : 19.0731 | Test : 42.0130
[Epoch: 190 (MSE)] Train: 105.6733 | Valid : 109.3112 | Test : 210.3119
[Epoch: 190 (MAPE)] Train: 19.5829 | Valid : 18.6543 | Test : 41.4733
[Epoch: 191 (MSE)] Train: 104.8197 | Valid : 110.7079 | Test : 211.4422
[Epoch: 191 (MAPE)] Train: 19.3431 | Valid : 18.0801 | Test : 37.6439
[Epoch: 192 (MSE)] Train: 104.8885 | Valid : 110.7871 | Test : 210.1936
[Epoch: 192 (MAPE)] Train: 19.3307 | Valid : 18.0607 | Test : 36.2396
[Epoch: 193 (MSE)] Train: 104.9086 | Valid : 109.7282 | Test : 211.6062
[Epoch: 193 (MAPE)] Train: 19.3319 | Valid : 18.5214 | Test : 38.5175
[Epoch: 194 (MSE)] Train: 104.9156 | Valid : 108.7148 | Test : 208.8579
[Epoch: 194 (MAPE)] Train: 19.5330 | Valid : 18.5136 | Test : 37.9683
- Best loss (MSE) update!! Train: 104.9156 | Valid : 108.7148 | Test : 208.8579 at Epoch 194
- Best loss (MAPE) update!! Train: 19.5330 | Valid : 18.5136 | Test : 37.9683 at Epoch 194
[Epoch: 195 (MSE)] Train: 104.9355 | Valid : 108.9312 | Test : 207.2260
[Epoch: 195 (MAPE)] Train: 19.3306 | Valid : 19.1194 | Test : 37.4731
[Epoch: 196 (MSE)] Train: 103.8132 | Valid : 109.0430 | Test : 208.5457
[Epoch: 196 (MAPE)] Train: 19.3182 | Valid : 18.6765 | Test : 36.3964
[Epoch: 197 (MSE)] Train: 103.9611 | Valid : 108.6581 | Test : 207.9677
[Epoch: 197 (MAPE)] Train: 19.5484 | Valid : 19.3242 | Test : 38.6640
- Best loss (MSE) update!! Train: 103.9611 | Valid : 108.6581 | Test : 207.9677 at Epoch 197
- Best loss (MAPE) update!! Train: 19.5484 | Valid : 19.3242 | Test : 38.6640 at Epoch 197
[Epoch: 198 (MSE)] Train: 103.9368 | Valid : 109.5622 | Test : 208.1659
[Epoch: 198 (MAPE)] Train: 19.3166 | Valid : 18.8537 | Test : 37.3539
[Epoch: 199 (MSE)] Train: 104.1054 | Valid : 109.3532 | Test : 207.7258
[Epoch: 199 (MAPE)] Train: 19.6355 | Valid : 18.9068 | Test : 38.0406
[Epoch: 200 (MSE)] Train: 103.8158 | Valid : 109.1376 | Test : 210.1283
[Epoch: 200 (MAPE)] Train: 19.2844 | Valid : 18.6215 | Test : 36.8631
[Epoch: 201 (MSE)] Train: 103.7564 | Valid : 110.2139 | Test : 210.6264
[Epoch: 201 (MAPE)] Train: 19.4494 | Valid : 19.6907 | Test : 40.0147
[Epoch: 202 (MSE)] Train: 103.2528 | Valid : 110.0304 | Test : 210.4517
[Epoch: 202 (MAPE)] Train: 19.7406 | Valid : 19.0577 | Test : 38.9108
[Epoch: 203 (MSE)] Train: 104.0473 | Valid : 107.7527 | Test : 206.5903
[Epoch: 203 (MAPE)] Train: 19.3724 | Valid : 19.2660 | Test : 39.4423
- Best loss (MSE) update!! Train: 104.0473 | Valid : 107.7527 | Test : 206.5903 at Epoch 203
- Best loss (MAPE) update!! Train: 19.3724 | Valid : 19.2660 | Test : 39.4423 at Epoch 203
[Epoch: 204 (MSE)] Train: 103.7450 | Valid : 107.8485 | Test : 207.6646
[Epoch: 204 (MAPE)] Train: 19.5461 | Valid : 18.0944 | Test : 39.0082
[Epoch: 205 (MSE)] Train: 103.6873 | Valid : 108.6608 | Test : 208.3712
[Epoch: 205 (MAPE)] Train: 19.4828 | Valid : 19.8154 | Test : 41.7405
[Epoch: 206 (MSE)] Train: 104.1755 | Valid : 109.6266 | Test : 207.1686
[Epoch: 206 (MAPE)] Train: 19.6511 | Valid : 19.4064 | Test : 40.3440
[Epoch: 207 (MSE)] Train: 104.6385 | Valid : 111.1611 | Test : 209.8667
[Epoch: 207 (MAPE)] Train: 19.6072 | Valid : 20.6539 | Test : 44.2828
[Epoch: 208 (MSE)] Train: 105.3579 | Valid : 113.3122 | Test : 210.3925
[Epoch: 208 (MAPE)] Train: 19.0653 | Valid : 19.2499 | Test : 38.7041
[Epoch: 209 (MSE)] Train: 108.3349 | Valid : 110.6985 | Test : 207.4362
[Epoch: 209 (MAPE)] Train: 19.6548 | Valid : 19.8295 | Test : 40.9146
[Epoch: 210 (MSE)] Train: 106.8114 | Valid : 108.9977 | Test : 209.4945
[Epoch: 210 (MAPE)] Train: 19.3462 | Valid : 19.4013 | Test : 43.2828
[Epoch: 211 (MSE)] Train: 104.3532 | Valid : 108.7763 | Test : 207.8699
[Epoch: 211 (MAPE)] Train: 19.0704 | Valid : 20.5884 | Test : 44.1412
[Epoch: 212 (MSE)] Train: 102.7819 | Valid : 109.9585 | Test : 209.9577
[Epoch: 212 (MAPE)] Train: 19.1848 | Valid : 20.7567 | Test : 43.6337
[Epoch: 213 (MSE)] Train: 103.5350 | Valid : 108.5026 | Test : 208.6652
[Epoch: 213 (MAPE)] Train: 19.1610 | Valid : 20.5343 | Test : 44.0213
[Epoch: 214 (MSE)] Train: 103.4020 | Valid : 109.0203 | Test : 207.4983
[Epoch: 214 (MAPE)] Train: 19.0975 | Valid : 21.0252 | Test : 46.1094
[Epoch: 215 (MSE)] Train: 103.2922 | Valid : 108.9630 | Test : 206.9751
[Epoch: 215 (MAPE)] Train: 19.2167 | Valid : 20.5862 | Test : 44.2249
[Epoch: 216 (MSE)] Train: 102.9113 | Valid : 108.7395 | Test : 206.7618
[Epoch: 216 (MAPE)] Train: 19.2469 | Valid : 20.3961 | Test : 43.0261
[Epoch: 217 (MSE)] Train: 103.4320 | Valid : 108.5401 | Test : 208.4286
[Epoch: 217 (MAPE)] Train: 19.2143 | Valid : 20.0604 | Test : 42.9374
[Epoch: 218 (MSE)] Train: 102.7913 | Valid : 107.9331 | Test : 206.8989
[Epoch: 218 (MAPE)] Train: 19.2093 | Valid : 20.5602 | Test : 44.1286
[Epoch: 219 (MSE)] Train: 102.7538 | Valid : 109.5228 | Test : 208.9715
[Epoch: 219 (MAPE)] Train: 19.2550 | Valid : 21.8192 | Test : 46.9860
[Epoch: 220 (MSE)] Train: 103.7589 | Valid : 109.1432 | Test : 206.7374
[Epoch: 220 (MAPE)] Train: 19.1869 | Valid : 20.8980 | Test : 43.7868
[Epoch: 221 (MSE)] Train: 103.1047 | Valid : 109.0114 | Test : 207.2864
[Epoch: 221 (MAPE)] Train: 19.2724 | Valid : 20.7913 | Test : 43.8145
[Epoch: 222 (MSE)] Train: 103.8561 | Valid : 109.6786 | Test : 206.9922
[Epoch: 222 (MAPE)] Train: 19.1268 | Valid : 20.0214 | Test : 40.8501
[Epoch: 223 (MSE)] Train: 104.0742 | Valid : 109.1746 | Test : 208.8661
[Epoch: 223 (MAPE)] Train: 19.4650 | Valid : 20.2953 | Test : 42.1647
[Epoch: 224 (MSE)] Train: 104.1137 | Valid : 109.7939 | Test : 206.8223
[Epoch: 224 (MAPE)] Train: 19.1100 | Valid : 20.5143 | Test : 42.4847
[Epoch: 225 (MSE)] Train: 104.2728 | Valid : 110.0788 | Test : 206.9428
[Epoch: 225 (MAPE)] Train: 19.3212 | Valid : 19.8851 | Test : 41.5764
[Epoch: 226 (MSE)] Train: 104.4731 | Valid : 109.2591 | Test : 205.8482
[Epoch: 226 (MAPE)] Train: 19.3492 | Valid : 19.7878 | Test : 41.6902
[Epoch: 227 (MSE)] Train: 104.7748 | Valid : 110.5202 | Test : 206.6819
[Epoch: 227 (MAPE)] Train: 19.3454 | Valid : 19.2418 | Test : 39.6040
[Epoch: 228 (MSE)] Train: 104.6717 | Valid : 109.3888 | Test : 206.1743
[Epoch: 228 (MAPE)] Train: 19.1800 | Valid : 19.0229 | Test : 39.0901
[Epoch: 229 (MSE)] Train: 105.3423 | Valid : 109.5597 | Test : 206.8318
[Epoch: 229 (MAPE)] Train: 19.4690 | Valid : 18.9839 | Test : 39.0462
[Epoch: 230 (MSE)] Train: 104.9709 | Valid : 108.9007 | Test : 207.4086
[Epoch: 230 (MAPE)] Train: 19.3205 | Valid : 19.0511 | Test : 40.9513
[Epoch: 231 (MSE)] Train: 104.2638 | Valid : 109.1552 | Test : 206.1466
[Epoch: 231 (MAPE)] Train: 19.3689 | Valid : 19.1036 | Test : 40.5126
[Epoch: 232 (MSE)] Train: 104.2875 | Valid : 108.6619 | Test : 206.3338
[Epoch: 232 (MAPE)] Train: 19.3516 | Valid : 19.1794 | Test : 40.5183
[Epoch: 233 (MSE)] Train: 104.8976 | Valid : 110.2198 | Test : 208.7443
[Epoch: 233 (MAPE)] Train: 19.4456 | Valid : 18.6012 | Test : 37.3726
[Epoch: 234 (MSE)] Train: 105.2022 | Valid : 110.8651 | Test : 208.6962
[Epoch: 234 (MAPE)] Train: 19.4355 | Valid : 18.0630 | Test : 36.0459
[Epoch: 235 (MSE)] Train: 105.6303 | Valid : 110.6913 | Test : 207.9144
[Epoch: 235 (MAPE)] Train: 19.3766 | Valid : 18.2125 | Test : 37.2511
[Epoch: 236 (MSE)] Train: 105.4431 | Valid : 110.1233 | Test : 206.4277
[Epoch: 236 (MAPE)] Train: 19.2377 | Valid : 18.7795 | Test : 37.8185
[Epoch: 237 (MSE)] Train: 105.3434 | Valid : 110.3164 | Test : 207.9797
[Epoch: 237 (MAPE)] Train: 19.6478 | Valid : 20.3346 | Test : 45.2942
[Epoch: 238 (MSE)] Train: 105.1795 | Valid : 108.1713 | Test : 207.4187
[Epoch: 238 (MAPE)] Train: 19.8857 | Valid : 19.5707 | Test : 42.6697
[Epoch: 239 (MSE)] Train: 104.1056 | Valid : 108.6998 | Test : 209.0200
[Epoch: 239 (MAPE)] Train: 19.6589 | Valid : 19.4766 | Test : 42.4504
[Epoch: 240 (MSE)] Train: 104.0953 | Valid : 109.7383 | Test : 207.8906
[Epoch: 240 (MAPE)] Train: 19.9786 | Valid : 18.9256 | Test : 39.9888
[Epoch: 241 (MSE)] Train: 103.4098 | Valid : 111.9070 | Test : 210.7439
[Epoch: 241 (MAPE)] Train: 19.5866 | Valid : 19.2818 | Test : 40.4768
[Epoch: 242 (MSE)] Train: 103.3145 | Valid : 109.1611 | Test : 209.1127
[Epoch: 242 (MAPE)] Train: 19.6281 | Valid : 19.4661 | Test : 41.3017
[Epoch: 243 (MSE)] Train: 104.2506 | Valid : 110.7865 | Test : 207.9214
[Epoch: 243 (MAPE)] Train: 19.4414 | Valid : 18.5184 | Test : 37.0198
[Epoch: 244 (MSE)] Train: 104.0250 | Valid : 113.1346 | Test : 210.0335
[Epoch: 244 (MAPE)] Train: 19.3021 | Valid : 18.8846 | Test : 37.2803
[Epoch: 245 (MSE)] Train: 105.7759 | Valid : 114.6076 | Test : 215.0880
[Epoch: 245 (MAPE)] Train: 19.7206 | Valid : 17.3865 | Test : 32.4686
[Epoch: 246 (MSE)] Train: 105.1586 | Valid : 113.1141 | Test : 211.1842
[Epoch: 246 (MAPE)] Train: 19.6596 | Valid : 18.5012 | Test : 35.0993
[Epoch: 247 (MSE)] Train: 106.0931 | Valid : 112.7462 | Test : 210.7165
[Epoch: 247 (MAPE)] Train: 20.0280 | Valid : 19.5114 | Test : 38.2536
[Epoch: 248 (MSE)] Train: 105.0923 | Valid : 110.9877 | Test : 208.6238
[Epoch: 248 (MAPE)] Train: 19.9888 | Valid : 18.9457 | Test : 37.9193
[Epoch: 249 (MSE)] Train: 105.4870 | Valid : 109.2902 | Test : 207.7992
[Epoch: 249 (MAPE)] Train: 19.7154 | Valid : 18.5671 | Test : 37.7100
[Epoch: 250 (MSE)] Train: 104.5203 | Valid : 109.9846 | Test : 208.5692
[Epoch: 250 (MAPE)] Train: 19.6610 | Valid : 18.2630 | Test : 36.6215
[Epoch: 251 (MSE)] Train: 104.7583 | Valid : 109.9133 | Test : 208.0815
[Epoch: 251 (MAPE)] Train: 19.7130 | Valid : 18.7519 | Test : 38.1343
[Epoch: 252 (MSE)] Train: 104.5705 | Valid : 109.8599 | Test : 208.5816
[Epoch: 252 (MAPE)] Train: 19.9441 | Valid : 18.8150 | Test : 37.9082
[Epoch: 253 (MSE)] Train: 105.0252 | Valid : 109.8617 | Test : 207.4754
[Epoch: 253 (MAPE)] Train: 20.1548 | Valid : 19.8345 | Test : 41.0092
[Epoch: 254 (MSE)] Train: 105.5048 | Valid : 110.0310 | Test : 208.7236
[Epoch: 254 (MAPE)] Train: 20.2123 | Valid : 18.7617 | Test : 38.3571
[Epoch: 255 (MSE)] Train: 105.9752 | Valid : 111.7142 | Test : 213.5399
[Epoch: 255 (MAPE)] Train: 19.6796 | Valid : 17.7491 | Test : 33.8711
[Epoch: 256 (MSE)] Train: 106.6354 | Valid : 110.9515 | Test : 213.7475
[Epoch: 256 (MAPE)] Train: 20.2639 | Valid : 18.4946 | Test : 38.1896
[Epoch: 257 (MSE)] Train: 108.8501 | Valid : 125.7422 | Test : 238.2304
[Epoch: 257 (MAPE)] Train: 20.5333 | Valid : 18.1509 | Test : 36.8474
[Epoch: 258 (MSE)] Train: 140.1595 | Valid : 125.1185 | Test : 233.1982
[Epoch: 258 (MAPE)] Train: 23.6091 | Valid : 24.0600 | Test : 56.5384
[Epoch: 259 (MSE)] Train: 105.9347 | Valid : 112.9464 | Test : 212.7066
[Epoch: 259 (MAPE)] Train: 18.7648 | Valid : 18.6719 | Test : 38.4583
[Epoch: 260 (MSE)] Train: 104.7385 | Valid : 113.1875 | Test : 213.7119
[Epoch: 260 (MAPE)] Train: 18.9376 | Valid : 17.3770 | Test : 34.4855
[Epoch: 261 (MSE)] Train: 105.6833 | Valid : 110.2914 | Test : 208.1203
[Epoch: 261 (MAPE)] Train: 18.9059 | Valid : 17.8673 | Test : 37.0264
[Epoch: 262 (MSE)] Train: 105.1457 | Valid : 109.8382 | Test : 207.3648
[Epoch: 262 (MAPE)] Train: 18.9172 | Valid : 19.4050 | Test : 42.5569
[Epoch: 263 (MSE)] Train: 105.3478 | Valid : 109.1666 | Test : 207.3021
[Epoch: 263 (MAPE)] Train: 19.3742 | Valid : 18.2870 | Test : 39.4710
[Epoch: 264 (MSE)] Train: 104.7419 | Valid : 109.5528 | Test : 208.2506
[Epoch: 264 (MAPE)] Train: 19.2151 | Valid : 18.9200 | Test : 41.0149
[Epoch: 265 (MSE)] Train: 103.8373 | Valid : 111.0384 | Test : 209.1649
[Epoch: 265 (MAPE)] Train: 18.9624 | Valid : 18.2326 | Test : 37.4982
[Epoch: 266 (MSE)] Train: 104.9062 | Valid : 110.1115 | Test : 208.8905
[Epoch: 266 (MAPE)] Train: 19.3049 | Valid : 18.8971 | Test : 40.2230
[Epoch: 267 (MSE)] Train: 105.3036 | Valid : 108.4541 | Test : 208.4027
[Epoch: 267 (MAPE)] Train: 19.2496 | Valid : 18.9321 | Test : 41.0795
[Epoch: 268 (MSE)] Train: 104.1626 | Valid : 113.0582 | Test : 214.8590
[Epoch: 268 (MAPE)] Train: 19.3124 | Valid : 17.7555 | Test : 35.7312
[Epoch: 269 (MSE)] Train: 103.8703 | Valid : 109.7518 | Test : 208.2199
[Epoch: 269 (MAPE)] Train: 19.2801 | Valid : 18.7382 | Test : 39.4576
[Epoch: 270 (MSE)] Train: 104.2672 | Valid : 109.8616 | Test : 208.7766
[Epoch: 270 (MAPE)] Train: 19.1965 | Valid : 18.9034 | Test : 39.2702
[Epoch: 271 (MSE)] Train: 104.6215 | Valid : 108.7773 | Test : 207.2326
[Epoch: 271 (MAPE)] Train: 19.2962 | Valid : 19.2710 | Test : 41.4347
[Epoch: 272 (MSE)] Train: 104.7828 | Valid : 108.4633 | Test : 208.4559
[Epoch: 272 (MAPE)] Train: 19.2622 | Valid : 19.0402 | Test : 42.2784
[Epoch: 273 (MSE)] Train: 103.9916 | Valid : 109.4526 | Test : 206.5585
[Epoch: 273 (MAPE)] Train: 19.2279 | Valid : 20.1067 | Test : 43.6886
[Epoch: 274 (MSE)] Train: 104.6010 | Valid : 108.4149 | Test : 206.1288
[Epoch: 274 (MAPE)] Train: 19.4276 | Valid : 19.4012 | Test : 41.6396
[Epoch: 275 (MSE)] Train: 104.4278 | Valid : 108.9291 | Test : 208.0854
[Epoch: 275 (MAPE)] Train: 19.3590 | Valid : 19.3615 | Test : 41.2693
[Epoch: 276 (MSE)] Train: 104.4789 | Valid : 108.5848 | Test : 207.1287
[Epoch: 276 (MAPE)] Train: 19.2768 | Valid : 19.2526 | Test : 41.3152
[Epoch: 277 (MSE)] Train: 104.3580 | Valid : 108.4009 | Test : 208.0416
[Epoch: 277 (MAPE)] Train: 19.3892 | Valid : 19.1039 | Test : 41.3733
[Epoch: 278 (MSE)] Train: 104.6315 | Valid : 110.4221 | Test : 209.1475
[Epoch: 278 (MAPE)] Train: 19.2136 | Valid : 18.8073 | Test : 38.7665
[Epoch: 279 (MSE)] Train: 104.8610 | Valid : 107.9074 | Test : 207.3618
[Epoch: 279 (MAPE)] Train: 19.3400 | Valid : 19.2363 | Test : 42.7728
[Epoch: 280 (MSE)] Train: 104.2437 | Valid : 109.6222 | Test : 208.3249
[Epoch: 280 (MAPE)] Train: 19.3222 | Valid : 19.2742 | Test : 41.4496
[Epoch: 281 (MSE)] Train: 104.3226 | Valid : 109.0167 | Test : 206.4859
[Epoch: 281 (MAPE)] Train: 19.6144 | Valid : 19.5217 | Test : 42.1383
[Epoch: 282 (MSE)] Train: 104.1289 | Valid : 109.5135 | Test : 207.8824
[Epoch: 282 (MAPE)] Train: 19.4845 | Valid : 19.7461 | Test : 43.3183
[Epoch: 283 (MSE)] Train: 103.9455 | Valid : 108.8404 | Test : 207.1290
[Epoch: 283 (MAPE)] Train: 19.6002 | Valid : 19.6296 | Test : 42.5839
[Epoch: 284 (MSE)] Train: 104.1315 | Valid : 108.4908 | Test : 207.8394
[Epoch: 284 (MAPE)] Train: 19.5393 | Valid : 19.1673 | Test : 42.6168
[Epoch: 285 (MSE)] Train: 103.8964 | Valid : 108.9183 | Test : 207.8602
[Epoch: 285 (MAPE)] Train: 19.4970 | Valid : 19.1516 | Test : 41.2409
[Epoch: 286 (MSE)] Train: 103.8668 | Valid : 109.3283 | Test : 208.6720
[Epoch: 286 (MAPE)] Train: 19.4178 | Valid : 19.2665 | Test : 41.5267
[Epoch: 287 (MSE)] Train: 104.3100 | Valid : 110.1235 | Test : 210.0398
[Epoch: 287 (MAPE)] Train: 19.5375 | Valid : 19.4039 | Test : 41.7973
[Epoch: 288 (MSE)] Train: 104.2795 | Valid : 111.3718 | Test : 213.7986
[Epoch: 288 (MAPE)] Train: 19.4519 | Valid : 18.8858 | Test : 40.4712
[Epoch: 289 (MSE)] Train: 106.6263 | Valid : 110.5015 | Test : 211.0558
[Epoch: 289 (MAPE)] Train: 19.8056 | Valid : 19.4814 | Test : 43.0565
[Epoch: 290 (MSE)] Train: 105.2551 | Valid : 108.6620 | Test : 206.6773
[Epoch: 290 (MAPE)] Train: 19.8157 | Valid : 20.3265 | Test : 43.7491
[Epoch: 291 (MSE)] Train: 105.2076 | Valid : 109.8092 | Test : 209.1808
[Epoch: 291 (MAPE)] Train: 19.4670 | Valid : 19.1847 | Test : 42.2551
[Epoch: 292 (MSE)] Train: 104.3387 | Valid : 109.9307 | Test : 212.6003
[Epoch: 292 (MAPE)] Train: 19.6186 | Valid : 18.9317 | Test : 42.0305
[Epoch: 293 (MSE)] Train: 104.8605 | Valid : 109.4874 | Test : 209.9367
[Epoch: 293 (MAPE)] Train: 19.4868 | Valid : 19.1112 | Test : 40.8776
[Epoch: 294 (MSE)] Train: 104.4743 | Valid : 108.8326 | Test : 208.7762
[Epoch: 294 (MAPE)] Train: 19.2351 | Valid : 19.3313 | Test : 40.8267
[Epoch: 295 (MSE)] Train: 104.6749 | Valid : 109.4500 | Test : 209.9762
[Epoch: 295 (MAPE)] Train: 19.4210 | Valid : 18.6279 | Test : 38.9234
[Epoch: 296 (MSE)] Train: 105.0890 | Valid : 109.9227 | Test : 208.8212
[Epoch: 296 (MAPE)] Train: 19.4683 | Valid : 18.8781 | Test : 39.0506
[Epoch: 297 (MSE)] Train: 108.5233 | Valid : 115.1269 | Test : 216.5383
[Epoch: 297 (MAPE)] Train: 19.9687 | Valid : 20.4138 | Test : 44.1594
[Epoch: 298 (MSE)] Train: 109.6480 | Valid : 109.8860 | Test : 210.9420
[Epoch: 298 (MAPE)] Train: 20.4613 | Valid : 18.4704 | Test : 39.7364
[Epoch: 299 (MSE)] Train: 104.6841 | Valid : 109.3697 | Test : 207.3225
[Epoch: 299 (MAPE)] Train: 19.2522 | Valid : 18.8290 | Test : 39.7183
[Epoch: 300 (MSE)] Train: 103.8556 | Valid : 109.7341 | Test : 206.4622
[Epoch: 300 (MAPE)] Train: 19.4584 | Valid : 19.4023 | Test : 40.8795
[Final (BEST MSE)] Train: 104.0473 | Valid : 107.7527 | Test : 206.5903 at Epoch 203
[Final (BEST MAPE)] Train: 19.3724 | Valid : 19.2660 | Test : 39.4423 at Epoch 203
